{
  "val": {
    "f1": 0.7662517289073306,
    "accuracy": 0.7559717810140683,
    "precision": 0.7353052711414486,
    "recall": 0.7999174917491749,
    "roc_auc": 0.7636795432369378,
    "cert_mean": -0.032452594777946715,
    "cert_std": 0.46281030136928236,
    "conf_mean": 0.42446582239827124,
    "conf_std": 0.18728403983550443
  },
  "test": {
    "f1": 0.7674745581146224,
    "accuracy": 0.7564174498527143,
    "precision": 0.7341488407839118,
    "recall": 0.8039697012203675,
    "roc_auc": 0.7623932584495167,
    "cert_mean": -0.030203199358618572,
    "cert_std": 0.46230064354682904,
    "conf_mean": 0.4237305581439188,
    "conf_std": 0.18731399405904445
  }
}