{
  "val": {
    "f1": 0.7654874470166286,
    "accuracy": 0.7626139692231527,
    "precision": 0.7563627577319587,
    "recall": 0.7748349834983498,
    "roc_auc": 0.7641717707541031,
    "cert_mean": -0.03937344909480235,
    "cert_std": 0.7623528749636186,
    "conf_mean": 0.7119334306331067,
    "conf_std": 0.2754686276255268
  },
  "test": {
    "f1": 0.7629849920464763,
    "accuracy": 0.7596437087950624,
    "precision": 0.7525238744884039,
    "recall": 0.7737410576518445,
    "roc_auc": 0.7620627315491141,
    "cert_mean": -0.03314457156814576,
    "cert_std": 0.7641956729052353,
    "conf_mean": 0.7137544450068928,
    "conf_std": 0.2750421446695466
  }
}