{
  "val": {
    "f1": 0.7706761006289308,
    "accuracy": 0.7593135030323033,
    "precision": 0.735960960960961,
    "recall": 0.8088283828382838,
    "roc_auc": 0.8004371732247076,
    "cert_mean": -0.01847356801813018,
    "cert_std": 0.49872167501646775,
    "conf_mean": 0.4570103214389962,
    "conf_std": 0.2005147075522818
  },
  "test": {
    "f1": 0.7701850925462731,
    "accuracy": 0.7583461916117268,
    "precision": 0.7342150441915177,
    "recall": 0.8098611305933511,
    "roc_auc": 0.8003750213413743,
    "cert_mean": -0.015963651016393875,
    "cert_std": 0.4986778491344593,
    "conf_mean": 0.45710303938799796,
    "conf_std": 0.19997811568618726
  }
}