{
  "val": {
    "f1": 0.7639132981839485,
    "accuracy": 0.7506085234539379,
    "precision": 0.7252502780867631,
    "recall": 0.806930693069307,
    "roc_auc": 0.7935067490782414,
    "cert_mean": 0.05056658805455164,
    "cert_std": 0.55491963995769,
    "conf_mean": 0.5191418065506299,
    "conf_std": 0.2024464653423204
  },
  "test": {
    "f1": 0.7637941312843611,
    "accuracy": 0.7498947959040538,
    "precision": 0.7235818273092369,
    "recall": 0.8087389535699256,
    "roc_auc": 0.7909820447937761,
    "cert_mean": 0.053732166281730165,
    "cert_std": 0.5548929597177078,
    "conf_mean": 0.5195067160397614,
    "conf_std": 0.20225260054493224
  }
}