{
  "val": {
    "f1": 0.762038884325001,
    "accuracy": 0.7490408020132844,
    "precision": 0.7245406531280221,
    "recall": 0.8036303630363036,
    "roc_auc": 0.8319234525771251,
    "cert_mean": -0.032196515522581994,
    "cert_std": 0.4213738718741782,
    "conf_mean": 0.3857021264167678,
    "conf_std": 0.17270328655707692
  },
  "test": {
    "f1": 0.7623374900504113,
    "accuracy": 0.7487024828166643,
    "precision": 0.7231030577576444,
    "recall": 0.8060737831392902,
    "roc_auc": 0.8294757842277422,
    "cert_mean": -0.030160370423268953,
    "cert_std": 0.42098926080513466,
    "conf_mean": 0.3851823993188716,
    "conf_std": 0.17255759882508742
  }
}