{
  "val": {
    "f1": 0.7666556455612498,
    "accuracy": 0.7670695985807995,
    "precision": 0.7680523352103346,
    "recall": 0.7652640264026402,
    "roc_auc": 0.7646287149137391,
    "cert_mean": -0.011337882114538074,
    "cert_std": 0.7966938992894286,
    "conf_mean": 0.7629147505671688,
    "conf_std": 0.22980600536729212
  },
  "test": {
    "f1": 0.7640599235168228,
    "accuracy": 0.7641674849207463,
    "precision": 0.7644085644085644,
    "recall": 0.7637116005049797,
    "roc_auc": 0.7625342954924361,
    "cert_mean": -0.005515650785444962,
    "cert_std": 0.7978942454996815,
    "conf_mean": 0.7640807851676338,
    "conf_std": 0.2298830205619915
  }
}