{"_timestamp":1.7636709972005842e+09,"val/f1":0.5477426960206455,"val/precision":0.5018389865140989,"best_val_f1":0.6521516518346946,"train/loss":0.9975363920335865,"val/recall":0.6028896058353205,"_step":7,"_runtime":13011,"val/roc_auc":0.5027697866980191,"val/cert_mean":0.20008389249105238,"epoch":7,"val/accuracy":0.5022092860148688,"_wandb":{"runtime":13011},"val/cert_std":0.482097907987061}