{
  "val": {
    "f1": 0.7693069306930693,
    "accuracy": 0.7500721976979249,
    "precision": 0.7143564356435643,
    "recall": 0.8334158415841584,
    "roc_auc": 0.7636406038904081,
    "cert_mean": 0.025383574853598864,
    "cert_std": 0.45359593029477496,
    "conf_mean": 0.41303837898293494,
    "conf_std": 0.18919009313248938
  },
  "test": {
    "f1": 0.7690719654204703,
    "accuracy": 0.7489479590405387,
    "precision": 0.7119990443767544,
    "recall": 0.8360920185159209,
    "roc_auc": 0.7614909932563323,
    "cert_mean": 0.027558171919051855,
    "cert_std": 0.45448085175934294,
    "conf_mean": 0.41415595154900253,
    "conf_std": 0.1891749065070686
  }
}