{
  "val": {
    "f1": 0.7715704042234655,
    "accuracy": 0.7607987128181856,
    "precision": 0.7383501734278389,
    "recall": 0.807920792079208,
    "roc_auc": 0.8520717577368762,
    "cert_mean": 0.05638399349677354,
    "cert_std": 0.7533384780619331,
    "conf_mean": 0.7192531579220616,
    "conf_std": 0.23102578226348633
  },
  "test": {
    "f1": 0.7717235158520697,
    "accuracy": 0.7603801374666854,
    "precision": 0.7368421052631579,
    "recall": 0.8100715387852434,
    "roc_auc": 0.8485185077257202,
    "cert_mean": 0.060298736531446476,
    "cert_std": 0.7531045159803919,
    "conf_mean": 0.719427279561205,
    "conf_std": 0.23070920883335552
  }
}