{
  "val": {
    "f1": 0.739194727280409,
    "accuracy": 0.7453277775485787,
    "precision": 0.7574681790631224,
    "recall": 0.7217821782178218,
    "roc_auc": 0.6810153920540993,
    "cert_mean": -0.07818173523519771,
    "cert_std": 0.7851161626741803,
    "conf_mean": 0.7466249612447841,
    "conf_std": 0.2550900622580994
  },
  "test": {
    "f1": 0.7365325299476365,
    "accuracy": 0.7423902370598962,
    "precision": 0.7536699941280094,
    "recall": 0.7201571047832795,
    "roc_auc": 0.6783303700215029,
    "cert_mean": -0.07256259472426262,
    "cert_std": 0.7865785169984966,
    "conf_mean": 0.7475934082039299,
    "conf_std": 0.2550983919328069
  }
}