{
  "val": {
    "f1": 0.7666556455612498,
    "accuracy": 0.7670695985807995,
    "precision": 0.7680523352103346,
    "recall": 0.7652640264026402,
    "roc_auc": 0.7605610390851776,
    "cert_mean": -0.07033837291531554,
    "cert_std": 0.7881694566561598,
    "conf_mean": 0.7426554349004139,
    "conf_std": 0.27316933232505675
  },
  "test": {
    "f1": 0.7640599235168228,
    "accuracy": 0.7641674849207463,
    "precision": 0.7644085644085644,
    "recall": 0.7637116005049797,
    "roc_auc": 0.7592218618666433,
    "cert_mean": -0.0639523228025241,
    "cert_std": 0.7902695970551098,
    "conf_mean": 0.7447890626338943,
    "conf_std": 0.27185508603373354
  }
}