{
  "clean": {
    "f1": 0.7700467813138301,
    "accuracy": 0.7552251367653248,
    "precision": 0.726081013916501,
    "recall": 0.8196801795483237,
    "roc_auc": 0.8552955660057099,
    "cert_mean": 0.10207532544571084,
    "cert_std": 0.7524522501428805,
    "conf_mean": 0.7234997902992266,
    "conf_std": 0.23054677236280494,
    "noise_prob_single": 0.0,
    "noise_prob_two": 0.0,
    "shots": 200.0
  }
}