{
  "medium": {
    "f1": 0.7710595344821861,
    "accuracy": 0.7582059194837986,
    "precision": 0.7321394791600984,
    "recall": 0.8143498386870529,
    "roc_auc": 0.8147436395523011,
    "cert_mean": 0.04591597631212592,
    "cert_std": 0.4999588121939196,
    "conf_mean": 0.47628980083175515,
    "conf_std": 0.15879268369385804,
    "noise_prob_single": 0.01,
    "noise_prob_two": 0.01,
    "shots": 200.0
  }
}