{
  "very_low": {
    "f1": 0.7698648203099242,
    "accuracy": 0.7552251367653248,
    "precision": 0.7264186162269786,
    "recall": 0.8188385467807546,
    "roc_auc": 0.8511164443421979,
    "cert_mean": 0.09506417408922335,
    "cert_std": 0.7226142024498997,
    "conf_mean": 0.6942456864445136,
    "conf_std": 0.22188152160726882,
    "noise_prob_single": 0.001,
    "noise_prob_two": 0.001,
    "shots": 200.0
  }
}