{
  "very_high": {
    "f1": 0.5338156761412576,
    "accuracy": 0.5254944592509468,
    "precision": 0.5246156971625923,
    "recall": 0.5433440875298078,
    "roc_auc": 0.5393131011235721,
    "cert_mean": -0.001756908396212704,
    "cert_std": 0.07136962855499715,
    "conf_mean": 0.05691120752756183,
    "conf_std": 0.043102494880757625,
    "noise_prob_single": 0.1,
    "noise_prob_two": 0.1,
    "shots": 200.0
  }
}