{
  "high": {
    "f1": 0.6946809995811811,
    "accuracy": 0.6932248562210689,
    "precision": 0.6913991941086564,
    "recall": 0.697994108570627,
    "roc_auc": 0.729386635476106,
    "cert_mean": -0.004165380857093214,
    "cert_std": 0.11881454900777196,
    "conf_mean": 0.09996072374155458,
    "conf_std": 0.06435915756649933,
    "noise_prob_single": 0.05,
    "noise_prob_two": 0.05,
    "shots": 200.0
  }
}