{
  "val": {
    "f1": 0.7396739589492356,
    "accuracy": 0.7456990799950493,
    "precision": 0.7576570340889427,
    "recall": 0.7225247524752475,
    "roc_auc": 0.7378636449543131,
    "cert_mean": -0.06139490719949117,
    "cert_std": 0.7797382764431946,
    "conf_mean": 0.7442786981889391,
    "conf_std": 0.2404377961195286
  },
  "test": {
    "f1": 0.7371666188700889,
    "accuracy": 0.7428811895076448,
    "precision": 0.7539228625898226,
    "recall": 0.7211390096787769,
    "roc_auc": 0.735051448329889,
    "cert_mean": -0.05627516239024768,
    "cert_std": 0.780968716127925,
    "conf_mean": 0.7449677652916887,
    "conf_std": 0.2410436851461897
  }
}