{
  "val": {
    "f1": 0.7780691299165673,
    "accuracy": 0.7695449482239366,
    "precision": 0.7503448275862069,
    "recall": 0.807920792079208,
    "roc_auc": 0.8491218307613417,
    "cert_mean": 0.03879559493565479,
    "cert_std": 0.752342639567714,
    "conf_mean": 0.7222258354115302,
    "conf_std": 0.21427642932026783
  },
  "test": {
    "f1": 0.7784665139469075,
    "accuracy": 0.769392621686071,
    "precision": 0.7489952029041878,
    "recall": 0.8103520830410997,
    "roc_auc": 0.8460777476125256,
    "cert_mean": 0.042138012004050505,
    "cert_std": 0.7516000181337941,
    "conf_mean": 0.7217384248780805,
    "conf_std": 0.21394355650236496
  }
}