{
  "val": {
    "f1": 0.7520499180032799,
    "accuracy": 0.7442551260365526,
    "precision": 0.7298346401676888,
    "recall": 0.7756600660066006,
    "roc_auc": 0.7589631574346477,
    "cert_mean": -0.04362424547150273,
    "cert_std": 0.32474481480823497,
    "conf_mean": 0.29595055713562785,
    "conf_std": 0.1406255213995818
  },
  "test": {
    "f1": 0.7514839059797171,
    "accuracy": 0.7430565296675551,
    "precision": 0.7276190476190476,
    "recall": 0.7769673165941927,
    "roc_auc": 0.7568609332993931,
    "cert_mean": -0.04185709975192274,
    "cert_std": 0.32450864391484185,
    "conf_mean": 0.2954916471972576,
    "conf_std": 0.14050823182911193
  }
}