{
  "val": {
    "f1": 0.7666749318125465,
    "accuracy": 0.7670695985807995,
    "precision": 0.7680079483358172,
    "recall": 0.7653465346534654,
    "roc_auc": 0.7680444673108289,
    "cert_mean": 0.007441465532167157,
    "cert_std": 0.7642291361101649,
    "conf_mean": 0.728457652011134,
    "conf_std": 0.23119471688466645
  },
  "test": {
    "f1": 0.7639795130849646,
    "accuracy": 0.7640622808248001,
    "precision": 0.7642476137001685,
    "recall": 0.7637116005049797,
    "roc_auc": 0.7654190850687983,
    "cert_mean": 0.011678206486498012,
    "cert_std": 0.763877880362261,
    "conf_mean": 0.7278946928466683,
    "conf_std": 0.23198084562984198
  }
}