{
  "val": {
    "f1": 0.6471459694989107,
    "accuracy": 0.6659103098312636,
    "precision": 0.6856879039704524,
    "recall": 0.6127062706270627,
    "roc_auc": 0.7841391895605105,
    "cert_mean": -0.06352356374808578,
    "cert_std": 0.5741870782819833,
    "conf_mean": 0.5045682673277211,
    "conf_std": 0.2813128287568112
  },
  "test": {
    "f1": 0.6456036866359447,
    "accuracy": 0.6628910085565998,
    "precision": 0.6805005051682599,
    "recall": 0.614111376069575,
    "roc_auc": 0.7825752355136365,
    "cert_mean": -0.05719322003863436,
    "cert_std": 0.5768412530085597,
    "conf_mean": 0.5071182016092953,
    "conf_std": 0.28079890524613305
  }
}