{
  "val": {
    "f1": 0.7462745719720989,
    "accuracy": 0.7358801930772721,
    "precision": 0.7180445393532642,
    "recall": 0.7768151815181518,
    "roc_auc": 0.7659984921258031,
    "cert_mean": -0.026058064657820366,
    "cert_std": 0.3055789273564289,
    "conf_mean": 0.27397388363000363,
    "conf_std": 0.13782530488524242
  },
  "test": {
    "f1": 0.7464358793733856,
    "accuracy": 0.7349207462477205,
    "precision": 0.7153603806339613,
    "recall": 0.7803338476644691,
    "roc_auc": 0.7645232835302676,
    "cert_mean": -0.024153895659355877,
    "cert_std": 0.30594234983061447,
    "conf_mean": 0.2743093101013201,
    "conf_std": 0.1376173480602607
  }
}