{
  "arch": "simple",
  "split": "test",
  "label": "medium",
  "weights_path": "/tudelft.net/staff-umbrella/StudentsCVlab/chiarapeppicel/projects/qml/outputs/simple_depth_type/l2_xxyy/best_weights.npy",
  "threshold": 0.0,
  "processed_csv": "/tudelft.net/staff-umbrella/StudentsCVlab/chiarapeppicel/projects/qml/src/data/processed/nf_unsw_balanced.csv",
  "test_size": 0.15,
  "val_size": 0.15,
  "random_state": 1,
  "n_bins": 100,
  "noise_level": "medium",
  "noise_prob_single": 0.01,
  "noise_prob_two": 0.01,
  "two_qubit_scale": 1.0,
  "inference_mode": "shots",
  "shots": 50,
  "batch_size": 32,
  "n_layers": 2,
  "layer_type": "XXYY",
  "max_test_samples": 1000,
  "sample_seed": 123,
  "sampling_info": {
    "used_subsampling": true,
    "original_num_samples": 28516,
    "selected_num_samples": 1000,
    "sample_seed": 123
  },
  "metrics": {
    "f1": 0.7715355805243446,
    "accuracy": 0.756,
    "precision": 0.7317939609236235,
    "recall": 0.8158415841584158,
    "roc_auc": 0.7833003300330034,
    "cf_mean": 0.2169600002169609,
    "cf_std": 0.36165447363133707,
    "conf_mean": 0.3826399996429682,
    "conf_std": 0.17734776757809068,
    "num_samples": 1000
  },
  "certainty_stats": {
    "all_mean": 0.2169600002169609,
    "all_std": 0.36165447363133707,
    "all_conf_mean": 0.3826399996429682,
    "all_conf_std": 0.17734776757809068,
    "correct_mean": 0.39656084646820705,
    "correct_std": 0.172840640006479,
    "incorrect_mean": -0.33950819554509687,
    "incorrect_std": 0.18406989247868238,
    "correct_conf_mean": 0.39656084646820705,
    "incorrect_conf_mean": 0.33950819554509687,
    "frac_above_zero": 0.749,
    "frac_below_zero": 0.237,
    "frac_abs_lt_0.1": 0.065,
    "frac_abs_lt_0.2": 0.159,
    "frac_abs_lt_0.5": 0.731
  }
}