{
  "arch": "simple",
  "split": "test",
  "label": "clean",
  "weights_path": "/tudelft.net/staff-umbrella/StudentsCVlab/chiarapeppicel/projects/qml/outputs/simple_depth_type/l2_xxyy/best_weights.npy",
  "threshold": 0.0,
  "processed_csv": "/tudelft.net/staff-umbrella/StudentsCVlab/chiarapeppicel/projects/qml/src/data/processed/nf_unsw_balanced.csv",
  "test_size": 0.15,
  "val_size": 0.15,
  "random_state": 1,
  "n_bins": 100,
  "noise_level": "clean",
  "noise_prob_single": 0.0,
  "noise_prob_two": 0.0,
  "two_qubit_scale": 1.0,
  "inference_mode": "shots",
  "shots": 50,
  "batch_size": 32,
  "n_layers": 2,
  "layer_type": "XXYY",
  "max_test_samples": 1000,
  "sample_seed": 123,
  "sampling_info": {
    "used_subsampling": true,
    "original_num_samples": 28516,
    "selected_num_samples": 1000,
    "sample_seed": 123
  },
  "metrics": {
    "f1": 0.771996215704825,
    "accuracy": 0.759,
    "precision": 0.7391304347826086,
    "recall": 0.807920792079208,
    "roc_auc": 0.7968476847684768,
    "cf_mean": 0.39311999870091674,
    "cf_std": 0.613094987846152,
    "conf_mean": 0.680719998858869,
    "conf_std": 0.2589383723094424,
    "num_samples": 1000
  },
  "certainty_stats": {
    "all_mean": 0.39311999870091674,
    "all_std": 0.613094987846152,
    "all_conf_mean": 0.680719998858869,
    "all_conf_std": 0.2589383723094424,
    "correct_mean": 0.7074044779708735,
    "correct_std": 0.2424979417496813,
    "incorrect_mean": -0.5966804982530131,
    "incorrect_std": 0.2893213139734988,
    "correct_conf_mean": 0.7074044779708735,
    "incorrect_conf_mean": 0.5966804982530131,
    "frac_above_zero": 0.758,
    "frac_below_zero": 0.237,
    "frac_abs_lt_0.1": 0.036,
    "frac_abs_lt_0.2": 0.065,
    "frac_abs_lt_0.5": 0.234
  }
}