{
  "arch": "simple",
  "split": "test",
  "label": "very_low",
  "weights_path": "/tudelft.net/staff-umbrella/StudentsCVlab/chiarapeppicel/projects/qml/outputs/simple_depth_type/l2_xxyy/best_weights.npy",
  "threshold": 0.0,
  "processed_csv": "/tudelft.net/staff-umbrella/StudentsCVlab/chiarapeppicel/projects/qml/src/data/processed/nf_unsw_balanced.csv",
  "test_size": 0.15,
  "val_size": 0.15,
  "random_state": 1,
  "n_bins": 100,
  "noise_level": "very_low",
  "noise_prob_single": 0.001,
  "noise_prob_two": 0.001,
  "two_qubit_scale": 1.0,
  "inference_mode": "shots",
  "shots": 50,
  "batch_size": 32,
  "n_layers": 2,
  "layer_type": "XXYY",
  "max_test_samples": 1000,
  "sample_seed": 123,
  "sampling_info": {
    "used_subsampling": true,
    "original_num_samples": 28516,
    "selected_num_samples": 1000,
    "sample_seed": 123
  },
  "metrics": {
    "f1": 0.7790262172284644,
    "accuracy": 0.764,
    "precision": 0.738898756660746,
    "recall": 0.8237623762376237,
    "roc_auc": 0.7934873487348734,
    "cf_mean": 0.3708799994885921,
    "cf_std": 0.5789259237055262,
    "conf_mean": 0.6424799994528294,
    "conf_std": 0.24479920233131325,
    "num_samples": 1000
  },
  "certainty_stats": {
    "all_mean": 0.3708799994885921,
    "all_std": 0.5789259237055262,
    "all_conf_mean": 0.6424799994528294,
    "all_conf_std": 0.24479920233131325,
    "correct_mean": 0.6631937165846999,
    "correct_std": 0.2316891283945139,
    "incorrect_mean": -0.5754237287377907,
    "incorrect_std": 0.2725138602084966,
    "correct_conf_mean": 0.6631937165846999,
    "incorrect_conf_mean": 0.5754237287377907,
    "frac_above_zero": 0.761,
    "frac_below_zero": 0.232,
    "frac_abs_lt_0.1": 0.035,
    "frac_abs_lt_0.2": 0.066,
    "frac_abs_lt_0.5": 0.25
  }
}