{
  "arch": "simple",
  "split": "test",
  "label": "high",
  "weights_path": "/tudelft.net/staff-umbrella/StudentsCVlab/chiarapeppicel/projects/qml/outputs/simple_depth_type/l2_xxyy/best_weights.npy",
  "threshold": 0.0,
  "processed_csv": "/tudelft.net/staff-umbrella/StudentsCVlab/chiarapeppicel/projects/qml/src/data/processed/nf_unsw_balanced.csv",
  "test_size": 0.15,
  "val_size": 0.15,
  "random_state": 1,
  "n_bins": 100,
  "noise_level": "high",
  "noise_prob_single": 0.05,
  "noise_prob_two": 0.05,
  "two_qubit_scale": 1.0,
  "inference_mode": "shots",
  "shots": 50,
  "batch_size": 32,
  "n_layers": 2,
  "layer_type": "XXYY",
  "max_test_samples": 1000,
  "sample_seed": 123,
  "sampling_info": {
    "used_subsampling": true,
    "original_num_samples": 28516,
    "selected_num_samples": 1000,
    "sample_seed": 123
  },
  "metrics": {
    "f1": 0.6,
    "accuracy": 0.56,
    "precision": 0.5546218487394958,
    "recall": 0.6534653465346535,
    "roc_auc": 0.5779617961796178,
    "cf_mean": 0.019719999723136424,
    "cf_std": 0.14401083757813782,
    "conf_mean": 0.11555999869853258,
    "conf_std": 0.08816964573951992,
    "num_samples": 1000
  },
  "certainty_stats": {
    "all_mean": 0.019719999723136424,
    "all_std": 0.14401083757813782,
    "all_conf_mean": 0.11555999869853258,
    "all_conf_std": 0.08816964573951992,
    "correct_mean": 0.12078571287649019,
    "correct_std": 0.09021852738279212,
    "incorrect_mean": -0.10890908974476836,
    "incorrect_std": 0.08502775453384015,
    "correct_conf_mean": 0.12078571287649019,
    "incorrect_conf_mean": 0.10890908974476836,
    "frac_above_zero": 0.506,
    "frac_below_zero": 0.392,
    "frac_abs_lt_0.1": 0.505,
    "frac_abs_lt_0.2": 0.788,
    "frac_abs_lt_0.5": 1.0
  }
}