{
  "val": {
    "f1": 0.7740083715367749,
    "accuracy": 0.7661207145509303,
    "precision": 0.7487851908985731,
    "recall": 0.800990099009901,
    "roc_auc": 0.8336018068346979,
    "cert_mean": 0.04315364304229482,
    "cert_std": 0.7663506831593351,
    "conf_mean": 0.7314861782229294,
    "conf_std": 0.23255876151075053
  },
  "test": {
    "f1": 0.7741302951418236,
    "accuracy": 0.7657104783279562,
    "precision": 0.74727498205078,
    "recall": 0.8029877963248703,
    "roc_auc": 0.8300043773797589,
    "cert_mean": 0.04725692353541982,
    "cert_std": 0.765806755235473,
    "conf_mean": 0.731065244788783,
    "conf_std": 0.2328879796130172
  }
}