{
  "val": {
    "f1": 0.7534958050339593,
    "accuracy": 0.7454515450307356,
    "precision": 0.7304415182029435,
    "recall": 0.778052805280528,
    "roc_auc": 0.7564664267194109,
    "cert_mean": -0.048414602662892096,
    "cert_std": 0.4315887194300406,
    "conf_mean": 0.39823202759021326,
    "conf_std": 0.173274489442779
  },
  "test": {
    "f1": 0.7535220807369276,
    "accuracy": 0.7447748632346752,
    "precision": 0.7285527177472167,
    "recall": 0.780263711600505,
    "roc_auc": 0.7538661214004995,
    "cert_mean": -0.046223695167900834,
    "cert_std": 0.4314674418538203,
    "conf_mean": 0.39797473059848226,
    "conf_std": 0.17296501721423402
  }
}