{
  "val": {
    "f1": 0.7744165946413137,
    "accuracy": 0.7631090391517802,
    "precision": 0.7391630418479076,
    "recall": 0.8132013201320132,
    "roc_auc": 0.8275464167631386,
    "cert_mean": 0.06602750566508613,
    "cert_std": 0.7913464199641294,
    "conf_mean": 0.7565461280767024,
    "conf_std": 0.24130218396555575
  },
  "test": {
    "f1": 0.7747627767604461,
    "accuracy": 0.7627647636414644,
    "precision": 0.7374659314191545,
    "recall": 0.816033104222191,
    "roc_auc": 0.8236161123543344,
    "cert_mean": 0.0705468073632653,
    "cert_std": 0.7908159087286737,
    "conf_mean": 0.7561157937123019,
    "conf_std": 0.24218909972648106
  }
}