{
  "val": {
    "f1": 0.7493017583887337,
    "accuracy": 0.7370766120714551,
    "precision": 0.7160363882414856,
    "recall": 0.7858085808580858,
    "roc_auc": 0.7858300470281371,
    "cert_mean": -0.01367973846624425,
    "cert_std": 0.434281680798663,
    "conf_mean": 0.3874194336500111,
    "conf_std": 0.19670764080767505
  },
  "test": {
    "f1": 0.7465099191770757,
    "accuracy": 0.7338336372562771,
    "precision": 0.7125733231318541,
    "recall": 0.7838406508626736,
    "roc_auc": 0.7830721597092918,
    "cert_mean": -0.010550635163776476,
    "cert_std": 0.4348004878588585,
    "conf_mean": 0.3877127610921669,
    "conf_std": 0.19708271114166473
  }
}