{
  "val": {
    "f1": 0.7512141193193035,
    "accuracy": 0.7400470316432196,
    "precision": 0.7202998409934126,
    "recall": 0.7849009900990099,
    "roc_auc": 0.7414849973734068,
    "cert_mean": -0.03701800347935342,
    "cert_std": 0.274441518283128,
    "conf_mean": 0.24947519319364972,
    "conf_std": 0.12021067972579258
  },
  "test": {
    "f1": 0.7510698047606312,
    "accuracy": 0.7388834338616916,
    "precision": 0.7175801712022486,
    "recall": 0.7878384065086267,
    "roc_auc": 0.7377520237486281,
    "cert_mean": -0.03543393646383863,
    "cert_std": 0.27463274441251206,
    "conf_mean": 0.24947627786152338,
    "conf_std": 0.12016777829864168
  }
}