{
  "val": {
    "f1": 0.7666556455612498,
    "accuracy": 0.7670695985807995,
    "precision": 0.7680523352103346,
    "recall": 0.7652640264026402,
    "roc_auc": 0.7597234261341803,
    "cert_mean": -0.008872310051701145,
    "cert_std": 0.8149875581268718,
    "conf_mean": 0.7808582706001352,
    "conf_std": 0.2335461389589233
  },
  "test": {
    "f1": 0.7640599235168228,
    "accuracy": 0.7641674849207463,
    "precision": 0.7644085644085644,
    "recall": 0.7637116005049797,
    "roc_auc": 0.7588985536977505,
    "cert_mean": -0.002874752279313021,
    "cert_std": 0.8163466726205206,
    "conf_mean": 0.7822239721423371,
    "conf_std": 0.2335718551219884
  }
}