{
  "val": {
    "f1": 0.7419586020825429,
    "accuracy": 0.7474730805726308,
    "precision": 0.7585552969571588,
    "recall": 0.7260726072607261,
    "roc_auc": 0.7155652063679839,
    "cert_mean": -0.0338713063759734,
    "cert_std": 0.7563571050582949,
    "conf_mean": 0.7232600775790935,
    "conf_std": 0.22387093591635135
  },
  "test": {
    "f1": 0.7392004581081565,
    "accuracy": 0.7444592509468368,
    "precision": 0.7547321493824454,
    "recall": 0.7242951325571609,
    "roc_auc": 0.7114473301377628,
    "cert_mean": -0.02920272958551272,
    "cert_std": 0.757128992155809,
    "conf_mean": 0.7235221374598935,
    "conf_std": 0.22497294678156896
  }
}