{
  "val": {
    "f1": 0.7492583362999882,
    "accuracy": 0.7384793102025661,
    "precision": 0.719626168224299,
    "recall": 0.7814356435643565,
    "roc_auc": 0.7753981453719264,
    "cert_mean": -0.007194482018170318,
    "cert_std": 0.5208766512134503,
    "conf_mean": 0.47257259767483245,
    "conf_std": 0.21917889104042185
  },
  "test": {
    "f1": 0.7478878905726163,
    "accuracy": 0.7362883994950203,
    "precision": 0.7163776493256262,
    "recall": 0.7822976574554636,
    "roc_auc": 0.772059740067424,
    "cert_mean": -0.0034640636818875125,
    "cert_std": 0.5221950792403608,
    "conf_mean": 0.4738998493382029,
    "conf_std": 0.21935959818815173
  }
}