{
  "val": {
    "f1": 0.7778749105936581,
    "accuracy": 0.7693799249143941,
    "precision": 0.7502682814655833,
    "recall": 0.8075907590759076,
    "roc_auc": 0.8548276585848205,
    "cert_mean": 0.042665520802899315,
    "cert_std": 0.7605526440403114,
    "conf_mean": 0.7283386577082698,
    "conf_std": 0.22312209821039028
  },
  "test": {
    "f1": 0.7782906040494559,
    "accuracy": 0.7692172815261608,
    "precision": 0.7488492706645057,
    "recall": 0.8101416748492075,
    "roc_auc": 0.8515266502974531,
    "cert_mean": 0.046281870834123405,
    "cert_std": 0.7599424105325174,
    "conf_mean": 0.7280156717462178,
    "conf_std": 0.22281754999501957
  }
}