{
  "val": {
    "f1": 0.7385018599932364,
    "accuracy": 0.7447914517925657,
    "precision": 0.7571948682385575,
    "recall": 0.7207095709570958,
    "roc_auc": 0.7068527122536497,
    "cert_mean": -0.04519034216470092,
    "cert_std": 0.7758787808885519,
    "conf_mean": 0.7416235778745105,
    "conf_std": 0.23243174997981245
  },
  "test": {
    "f1": 0.7354894289098676,
    "accuracy": 0.7415836723243091,
    "precision": 0.7532534372472612,
    "recall": 0.7185439753121055,
    "roc_auc": 0.7041545248504499,
    "cert_mean": -0.04009941109728465,
    "cert_std": 0.7768318263324601,
    "conf_mean": 0.7420481017692702,
    "conf_std": 0.23332437471039627
  }
}