{
  "val": {
    "f1": 0.7389816184238327,
    "accuracy": 0.7451627542390362,
    "precision": 0.7573841489822434,
    "recall": 0.7214521452145215,
    "roc_auc": 0.7028292895507884,
    "cert_mean": -0.0808457232995802,
    "cert_std": 0.7728667639802445,
    "conf_mean": 0.7328962040423124,
    "conf_std": 0.25830644579935746
  },
  "test": {
    "f1": 0.7358978039328262,
    "accuracy": 0.7418992846121476,
    "precision": 0.7534166054371786,
    "recall": 0.7191751998877823,
    "roc_auc": 0.6995210313844178,
    "cert_mean": -0.07510894590428668,
    "cert_std": 0.7744754565482965,
    "conf_mean": 0.7341010337103309,
    "conf_std": 0.25797143030957714
  }
}