{
  "val": {
    "f1": 0.7967554331190695,
    "accuracy": 0.780849044927596,
    "precision": 0.742865296803653,
    "recall": 0.859075907590759,
    "roc_auc": 0.805814956031456,
    "cert_mean": 0.1322975352655495,
    "cert_std": 0.6858174457161064,
    "conf_mean": 0.6457740110458335,
    "conf_std": 0.2661280393789415
  },
  "test": {
    "f1": 0.7971606378840917,
    "accuracy": 0.7805442558563613,
    "precision": 0.7410509822827528,
    "recall": 0.8624631785664189,
    "roc_auc": 0.8056562428544396,
    "cert_mean": 0.136048273751297,
    "cert_std": 0.6859671511481651,
    "conf_mean": 0.6466497245538997,
    "conf_std": 0.2662784237962268
  }
}