{
  "val": {
    "f1": 0.7549782872344587,
    "accuracy": 0.7416147530838731,
    "precision": 0.7178781340674057,
    "recall": 0.7961221122112211,
    "roc_auc": 0.8279047377260211,
    "cert_mean": -0.01193194747095931,
    "cert_std": 0.3745348909576959,
    "conf_mean": 0.3445644121753828,
    "conf_std": 0.14728924528754903
  },
  "test": {
    "f1": 0.7537721770850605,
    "accuracy": 0.7396198625333146,
    "precision": 0.7149147637919104,
    "recall": 0.7970963669518867,
    "roc_auc": 0.8260951132980279,
    "cert_mean": -0.010052478949346409,
    "cert_std": 0.3741286769642808,
    "conf_mean": 0.34408241700162145,
    "conf_std": 0.14724336851074984
  }
}