{
  "val": {
    "f1": 0.7224251846094054,
    "accuracy": 0.7053508808119147,
    "precision": 0.6828802351212344,
    "recall": 0.7668316831683168,
    "roc_auc": 0.7253531603676087,
    "cert_mean": 0.016386583878530495,
    "cert_std": 0.10609179961166158,
    "conf_mean": 0.0934429627930981,
    "conf_std": 0.05284319048370145
  },
  "test": {
    "f1": 0.7211009778421624,
    "accuracy": 0.7029387010800954,
    "precision": 0.6795532112938256,
    "recall": 0.7680600364707533,
    "roc_auc": 0.7216593461760478,
    "cert_mean": 0.016970853244870705,
    "cert_std": 0.1063621339704788,
    "conf_mean": 0.09380404990701403,
    "conf_std": 0.05293121596615211
  }
}