{
  "val": {
    "f1": 0.7557810287871638,
    "accuracy": 0.7438013119353108,
    "precision": 0.7220468890892696,
    "recall": 0.7928217821782179,
    "roc_auc": 0.8182365360886281,
    "cert_mean": -0.019522935365010964,
    "cert_std": 0.4418758006604622,
    "conf_mean": 0.40655275671114,
    "conf_std": 0.1742131574398545
  },
  "test": {
    "f1": 0.754987655968506,
    "accuracy": 0.7424603731238603,
    "precision": 0.7199669127004327,
    "recall": 0.7935895637536822,
    "roc_auc": 0.8161729311745133,
    "cert_mean": -0.017260338206577273,
    "cert_std": 0.44163376443801405,
    "conf_mean": 0.40627876141205616,
    "conf_std": 0.17399962411506006
  }
}