{
  "val": {
    "f1": 0.7666556455612498,
    "accuracy": 0.7670695985807995,
    "precision": 0.7680523352103346,
    "recall": 0.7652640264026402,
    "roc_auc": 0.7495844086842879,
    "cert_mean": -0.007216899346490431,
    "cert_std": 0.8111524347618366,
    "conf_mean": 0.7771495609468023,
    "conf_std": 0.23250573321194717
  },
  "test": {
    "f1": 0.7640599235168228,
    "accuracy": 0.7641674849207463,
    "precision": 0.7644085644085644,
    "recall": 0.7637116005049797,
    "roc_auc": 0.7482538318896099,
    "cert_mean": -0.0013614933320710125,
    "cert_std": 0.8123999874083115,
    "conf_mean": 0.7783863917182234,
    "conf_std": 0.23261603210656512
  }
}