{
  "arch": "simple",
  "split": "test",
  "label": "very_high",
  "weights_path": "/tudelft.net/staff-umbrella/StudentsCVlab/chiarapeppicel/projects/qml/outputs/simple_depth_type/l2_xxyy/best_weights.npy",
  "threshold": 0.0,
  "processed_csv": "/tudelft.net/staff-umbrella/StudentsCVlab/chiarapeppicel/projects/qml/src/data/processed/nf_unsw_balanced.csv",
  "test_size": 0.15,
  "val_size": 0.15,
  "random_state": 1,
  "n_bins": 100,
  "noise_level": "very_high",
  "noise_prob_single": 0.1,
  "noise_prob_two": 0.1,
  "two_qubit_scale": 1.0,
  "inference_mode": "shots",
  "shots": 50,
  "batch_size": 32,
  "n_layers": 2,
  "layer_type": "XXYY",
  "max_test_samples": 1000,
  "sample_seed": 123,
  "sampling_info": {
    "used_subsampling": true,
    "original_num_samples": 28516,
    "selected_num_samples": 1000,
    "sample_seed": 123
  },
  "metrics": {
    "f1": 0.5301204819277109,
    "accuracy": 0.493,
    "precision": 0.49825783972125437,
    "recall": 0.5663366336633663,
    "roc_auc": 0.49356335633563364,
    "cf_mean": -0.0013999999165534972,
    "cf_std": 0.1411596246696758,
    "conf_mean": 0.11267999850213528,
    "conf_std": 0.08503656610075978,
    "num_samples": 1000
  },
  "certainty_stats": {
    "all_mean": -0.0013999999165534972,
    "all_std": 0.1411596246696758,
    "all_conf_mean": 0.11267999850213528,
    "all_conf_std": 0.08503656610075978,
    "correct_mean": 0.11286003913345008,
    "correct_std": 0.08523047568530918,
    "incorrect_mean": -0.1125049294069909,
    "incorrect_std": 0.08484721969464713,
    "correct_conf_mean": 0.11286003913345008,
    "incorrect_conf_mean": 0.1125049294069909,
    "frac_above_zero": 0.434,
    "frac_below_zero": 0.45,
    "frac_abs_lt_0.1": 0.496,
    "frac_abs_lt_0.2": 0.801,
    "frac_abs_lt_0.5": 0.998
  }
}