{
  "arch": "simple",
  "split": "test",
  "label": "low",
  "weights_path": "/tudelft.net/staff-umbrella/StudentsCVlab/chiarapeppicel/projects/qml/outputs/simple_depth_type/l2_xxyy/best_weights.npy",
  "threshold": 0.0,
  "processed_csv": "/tudelft.net/staff-umbrella/StudentsCVlab/chiarapeppicel/projects/qml/src/data/processed/nf_unsw_balanced.csv",
  "test_size": 0.15,
  "val_size": 0.15,
  "random_state": 1,
  "n_bins": 100,
  "noise_level": "low",
  "noise_prob_single": 0.005,
  "noise_prob_two": 0.005,
  "two_qubit_scale": 1.0,
  "inference_mode": "shots",
  "shots": 50,
  "batch_size": 32,
  "n_layers": 2,
  "layer_type": "XXYY",
  "max_test_samples": 1000,
  "sample_seed": 123,
  "sampling_info": {
    "used_subsampling": true,
    "original_num_samples": 28516,
    "selected_num_samples": 1000,
    "sample_seed": 123
  },
  "metrics": {
    "f1": 0.7823639774859287,
    "accuracy": 0.768,
    "precision": 0.7433155080213903,
    "recall": 0.8257425742574257,
    "roc_auc": 0.7892249224922492,
    "cf_mean": 0.2949200005084276,
    "cf_std": 0.46412734873116535,
    "conf_mean": 0.5074000015556812,
    "conf_std": 0.21198405827185782,
    "num_samples": 1000
  },
  "certainty_stats": {
    "all_mean": 0.2949200005084276,
    "all_std": 0.46412734873116535,
    "all_conf_mean": 0.5074000015556812,
    "all_conf_std": 0.21198405827185782,
    "correct_mean": 0.5223437513438208,
    "correct_std": 0.20544851171436543,
    "incorrect_mean": -0.4579310367397707,
    "incorrect_std": 0.22534845878394733,
    "correct_conf_mean": 0.5223437513438208,
    "incorrect_conf_mean": 0.4579310367397707,
    "frac_above_zero": 0.762,
    "frac_below_zero": 0.227,
    "frac_abs_lt_0.1": 0.056,
    "frac_abs_lt_0.2": 0.093,
    "frac_abs_lt_0.5": 0.429
  }
}