{
  "val": {
    "f1": 0.7398868338822735,
    "accuracy": 0.7458641033045917,
    "precision": 0.7577408752810932,
    "recall": 0.7228547854785479,
    "roc_auc": 0.7083962748944256,
    "cert_mean": -0.044386098549738726,
    "cert_std": 0.7674453212824583,
    "conf_mean": 0.7338484338735969,
    "conf_std": 0.22892995217767395
  },
  "test": {
    "f1": 0.7373476702508961,
    "accuracy": 0.743021461635573,
    "precision": 0.7539950153936373,
    "recall": 0.7214195539346332,
    "roc_auc": 0.7055343552492678,
    "cert_mean": -0.03931367234816346,
    "cert_std": 0.7683827564098079,
    "conf_mean": 0.7342721699776784,
    "conf_std": 0.22978686989839994
  }
}