{
  "val": {
    "f1": 0.7666556455612498,
    "accuracy": 0.7670695985807995,
    "precision": 0.7680523352103346,
    "recall": 0.7652640264026402,
    "roc_auc": 0.7218861220019188,
    "cert_mean": -0.09269018048950133,
    "cert_std": 0.8079156019161562,
    "conf_mean": 0.7635277859680721,
    "conf_std": 0.2799007135278781
  },
  "test": {
    "f1": 0.7640599235168228,
    "accuracy": 0.7641674849207463,
    "precision": 0.7644085644085644,
    "recall": 0.7637116005049797,
    "roc_auc": 0.7207558758113338,
    "cert_mean": -0.0861536337092977,
    "cert_std": 0.8102538239455999,
    "conf_mean": 0.7659119146462475,
    "conf_std": 0.278051518288792
  }
}