{
  "val": {
    "f1": 0.7641898233157873,
    "accuracy": 0.7615825735385123,
    "precision": 0.7559538225559054,
    "recall": 0.7726072607260726,
    "roc_auc": 0.7603592073870313,
    "cert_mean": -0.010398774768625267,
    "cert_std": 0.7632655847497734,
    "conf_mean": 0.7091828894760347,
    "conf_std": 0.28238646684025875
  },
  "test": {
    "f1": 0.7608590232074818,
    "accuracy": 0.7578903071959602,
    "precision": 0.7516424856282508,
    "recall": 0.7703043905176041,
    "roc_auc": 0.7582586272917222,
    "cert_mean": -0.005047928699690131,
    "cert_std": 0.764718940321703,
    "conf_mean": 0.7105696579347919,
    "conf_std": 0.2826858689311127
  }
}