{
  "val": {
    "f1": 0.7385018599932364,
    "accuracy": 0.7447914517925657,
    "precision": 0.7571948682385575,
    "recall": 0.7207095709570958,
    "roc_auc": 0.6770995793365951,
    "cert_mean": -0.05425544140208274,
    "cert_std": 0.7791529305186775,
    "conf_mean": 0.7440645600731625,
    "conf_std": 0.23746762411054897
  },
  "test": {
    "f1": 0.7354894289098676,
    "accuracy": 0.7415836723243091,
    "precision": 0.7532534372472612,
    "recall": 0.7185439753121055,
    "roc_auc": 0.6750318057064371,
    "cert_mean": -0.049018696471080564,
    "cert_std": 0.7802654271852699,
    "conf_mean": 0.7446549397876896,
    "conf_std": 0.2381301957210133
  }
}