{
  "low": {
    "f1": 0.7704462809917355,
    "accuracy": 0.7564875859166783,
    "precision": 0.7286768384192096,
    "recall": 0.8172955533735446,
    "roc_auc": 0.835347798041428,
    "cert_mean": 0.06989584824242516,
    "cert_std": 0.6132987599273173,
    "conf_mean": 0.5873990037644026,
    "conf_std": 0.18969240603276855,
    "noise_prob_single": 0.005,
    "noise_prob_two": 0.005,
    "shots": 200.0
  }
}