{
  "clean": {
    "f1": 0.7700467813138301,
    "accuracy": 0.7552251367653248,
    "precision": 0.726081013916501,
    "recall": 0.8196801795483237,
    "roc_auc": 0.8552955660057099,
    "cert_mean": 0.10207532544571084,
    "cert_std": 0.7524522501428805,
    "conf_mean": 0.7234997902992266,
    "conf_std": 0.23054677236280494,
    "noise_prob_single": 0.0,
    "noise_prob_two": 0.0,
    "shots": 200.0
  },
  "very_low": {
    "f1": 0.7698648203099242,
    "accuracy": 0.7552251367653248,
    "precision": 0.7264186162269786,
    "recall": 0.8188385467807546,
    "roc_auc": 0.8511164443421979,
    "cert_mean": 0.09506417408922335,
    "cert_std": 0.7226142024498997,
    "conf_mean": 0.6942456864445136,
    "conf_std": 0.22188152160726882,
    "noise_prob_single": 0.001,
    "noise_prob_two": 0.001,
    "shots": 200.0
  },
  "low": {
    "f1": 0.7704462809917355,
    "accuracy": 0.7564875859166783,
    "precision": 0.7286768384192096,
    "recall": 0.8172955533735446,
    "roc_auc": 0.835347798041428,
    "cert_mean": 0.06989584824242516,
    "cert_std": 0.6132987599273173,
    "conf_mean": 0.5873990037644026,
    "conf_std": 0.18969240603276855,
    "noise_prob_single": 0.005,
    "noise_prob_two": 0.005,
    "shots": 200.0
  },
  "medium": {
    "f1": 0.7710595344821861,
    "accuracy": 0.7582059194837986,
    "precision": 0.7321394791600984,
    "recall": 0.8143498386870529,
    "roc_auc": 0.8147436395523011,
    "cert_mean": 0.04591597631212592,
    "cert_std": 0.4999588121939196,
    "conf_mean": 0.47628980083175515,
    "conf_std": 0.15879268369385804,
    "noise_prob_single": 0.01,
    "noise_prob_two": 0.01,
    "shots": 200.0
  },
  "high": {
    "f1": 0.6946809995811811,
    "accuracy": 0.6932248562210689,
    "precision": 0.6913991941086564,
    "recall": 0.697994108570627,
    "roc_auc": 0.729386635476106,
    "cert_mean": -0.004165380857093214,
    "cert_std": 0.11881454900777196,
    "conf_mean": 0.09996072374155458,
    "conf_std": 0.06435915756649933,
    "noise_prob_single": 0.05,
    "noise_prob_two": 0.05,
    "shots": 200.0
  },
  "very_high": {
    "f1": 0.5338156761412576,
    "accuracy": 0.5254944592509468,
    "precision": 0.5246156971625923,
    "recall": 0.5433440875298078,
    "roc_auc": 0.5393131011235721,
    "cert_mean": -0.001756908396212704,
    "cert_std": 0.07136962855499715,
    "conf_mean": 0.05691120752756183,
    "conf_std": 0.043102494880757625,
    "noise_prob_single": 0.1,
    "noise_prob_two": 0.1,
    "shots": 200.0
  }
}