{
  "val": {
    "f1": 0.7459054388133498,
    "accuracy": 0.7286191674574034,
    "precision": 0.7012638001162115,
    "recall": 0.7966171617161716,
    "roc_auc": 0.7505833174702898,
    "cert_mean": 0.020017971789301123,
    "cert_std": 0.20252225850950079,
    "conf_mean": 0.1877202191145037,
    "conf_std": 0.07859455274985042
  },
  "test": {
    "f1": 0.7451480936017019,
    "accuracy": 0.7269252349558143,
    "precision": 0.6985334724182365,
    "recall": 0.7984289521672043,
    "roc_auc": 0.7480095952707377,
    "cert_mean": 0.02124061642168636,
    "cert_std": 0.20266313643607492,
    "conf_mean": 0.1880408078073438,
    "conf_std": 0.0785121981302391
  }
}