{
  "val": {
    "f1": 0.7666556455612498,
    "accuracy": 0.7670695985807995,
    "precision": 0.7680523352103346,
    "recall": 0.7652640264026402,
    "roc_auc": 0.7894967827296799,
    "cert_mean": -0.01979409598594194,
    "cert_std": 0.7752229209514525,
    "conf_mean": 0.7461573473923854,
    "conf_std": 0.21121457415803907
  },
  "test": {
    "f1": 0.7640599235168228,
    "accuracy": 0.7641674849207463,
    "precision": 0.7644085644085644,
    "recall": 0.7637116005049797,
    "roc_auc": 0.7875737901932329,
    "cert_mean": -0.014591575671140056,
    "cert_std": 0.776269200364314,
    "conf_mean": 0.7471793876993977,
    "conf_std": 0.21102072910491812
  }
}