{
  "val": {
    "f1": 0.7513437719093246,
    "accuracy": 0.7366227979702132,
    "precision": 0.7115980522355024,
    "recall": 0.7957920792079208,
    "roc_auc": 0.8113777305199783,
    "cert_mean": 3.409420527009418e-05,
    "cert_std": 0.35805112627790053,
    "conf_mean": 0.3314415770323097,
    "conf_std": 0.13545143485996533
  },
  "test": {
    "f1": 0.7502392976202265,
    "accuracy": 0.7346402019918642,
    "precision": 0.7085853232745184,
    "recall": 0.7970963669518867,
    "roc_auc": 0.809894191645806,
    "cert_mean": 0.0019910971569021972,
    "cert_std": 0.35782402403488045,
    "conf_mean": 0.33125243684906264,
    "conf_std": 0.13532856212182517
  }
}