{
  "val": {
    "f1": 0.6479798314867644,
    "accuracy": 0.5621931597838195,
    "precision": 0.5418284699877954,
    "recall": 0.8058580858085809,
    "roc_auc": 0.6313949034560193,
    "cert_mean": 0.009559785218694663,
    "cert_std": 0.01517791336266335,
    "conf_mean": 0.010406520371103158,
    "conf_std": 0.014610368963099552
  },
  "test": {
    "f1": 0.6450282485875706,
    "accuracy": 0.5593351101136205,
    "precision": 0.5400151357487466,
    "recall": 0.8007434422780194,
    "roc_auc": 0.6261199732811997,
    "cert_mean": 0.009528763499158389,
    "cert_std": 0.01514168647922014,
    "conf_mean": 0.010374397025947992,
    "conf_std": 0.014575317821779827
  }
}