{
  "val": {
    "f1": 0.7680341137916058,
    "accuracy": 0.7576220141094929,
    "precision": 0.7364276520027259,
    "recall": 0.8024752475247525,
    "roc_auc": 0.8133652949831662,
    "cert_mean": -0.032324971623525385,
    "cert_std": 0.46090146994622966,
    "conf_mean": 0.425049497845198,
    "conf_std": 0.18112976886917836
  },
  "test": {
    "f1": 0.7687625418060201,
    "accuracy": 0.7575396268761397,
    "precision": 0.7347525891829689,
    "recall": 0.8060737831392902,
    "roc_auc": 0.8122608361694544,
    "cert_mean": -0.030128884963344375,
    "cert_std": 0.46012020896353917,
    "conf_mean": 0.4240819923039525,
    "conf_std": 0.18103264956713125
  }
}