{
  "val": {
    "f1": 0.7727344241661422,
    "accuracy": 0.7616238293658979,
    "precision": 0.738349368610944,
    "recall": 0.8104785478547855,
    "roc_auc": 0.8344599498319334,
    "cert_mean": 0.05329722016111449,
    "cert_std": 0.771149860928681,
    "conf_mean": 0.7355651957693697,
    "conf_std": 0.23760585948161148
  },
  "test": {
    "f1": 0.7722891164404123,
    "accuracy": 0.7605905456585776,
    "precision": 0.73630986452967,
    "recall": 0.8119652125122738,
    "roc_auc": 0.8309983979384307,
    "cert_mean": 0.05760255942914593,
    "cert_std": 0.7710217224035377,
    "conf_mean": 0.7358063602948869,
    "conf_std": 0.23744799729729726
  }
}