{
  "val": {
    "f1": 0.7208522391004143,
    "accuracy": 0.7081150212467511,
    "precision": 0.6907372400756143,
    "recall": 0.7537128712871287,
    "roc_auc": 0.7200440175629081,
    "cert_mean": 0.01539471393397045,
    "cert_std": 0.09472623178910253,
    "conf_mean": 0.08207447002010336,
    "conf_std": 0.04973768769244019
  },
  "test": {
    "f1": 0.7185817026258572,
    "accuracy": 0.704972646935054,
    "precision": 0.6868964635160197,
    "recall": 0.7533314630382942,
    "roc_auc": 0.7162884426844328,
    "cert_mean": 0.015912181457285464,
    "cert_std": 0.09502033039933948,
    "conf_mean": 0.08244401310095417,
    "conf_std": 0.04985022980627985
  }
}