{
  "arch": "mera",
  "split": "test",
  "label": "clean",
  "weights_path": "/tudelft.net/staff-umbrella/StudentsCVlab/chiarapeppicel/projects/qml/outputs/arch_compare/mera/best_weights.npy",
  "threshold": 0.0,
  "processed_csv": "/tudelft.net/staff-umbrella/StudentsCVlab/chiarapeppicel/projects/qml/src/data/processed/nf_unsw_balanced.csv",
  "test_size": 0.15,
  "val_size": 0.15,
  "random_state": 1,
  "n_bins": 100,
  "encoder_fit_scope": "all",
  "metrics": {
    "f1": 0.7365325299476365,
    "accuracy": 0.7423902370598962,
    "precision": 0.7536699941280094,
    "recall": 0.7201571047832795,
    "roc_auc": 0.678329851059885,
    "cf_mean": 0.31569853406313103,
    "cf_std": 0.7240894483052915,
    "conf_mean": 0.7475934082039297,
    "conf_std": 0.2550983919328068
  },
  "certainty_stats": {
    "all_mean": 0.31569853406313103,
    "all_std": 0.7240894483052915,
    "all_conf_mean": 0.7475934082039297,
    "all_conf_std": 0.2550983919328068,
    "correct_mean": 0.716127374248642,
    "correct_std": 0.2629152608229503,
    "incorrect_mean": -0.838273497889941,
    "incorrect_std": 0.2057418057024767,
    "correct_conf_mean": 0.716127374248642,
    "incorrect_conf_mean": 0.838273497889941,
    "frac_above_zero": 0.7423902370598962,
    "frac_below_zero": 0.2576097629401038,
    "frac_abs_lt_0.1": 0.00427829990180951,
    "frac_abs_lt_0.2": 0.008276055547762659,
    "frac_abs_lt_0.5": 0.3154018796465142
  }
}