{
  "val": {
    "f1": 0.7745360207543405,
    "accuracy": 0.7669458310986427,
    "precision": 0.7501352918438345,
    "recall": 0.8005775577557755,
    "roc_auc": 0.8245859371191677,
    "cert_mean": 0.014331197343387484,
    "cert_std": 0.7326869425193231,
    "conf_mean": 0.7006038167827358,
    "conf_std": 0.2149181957514809
  },
  "test": {
    "f1": 0.7732007575757576,
    "accuracy": 0.7648337775284051,
    "precision": 0.7466361854996734,
    "recall": 0.8017253471735166,
    "roc_auc": 0.8204362943279551,
    "cert_mean": 0.018324878506235962,
    "cert_std": 0.7321382475156576,
    "conf_mean": 0.700204713672657,
    "conf_std": 0.21465221545131766
  }
}