{
  "val": {
    "f1": 0.7624631183660957,
    "accuracy": 0.7442551260365526,
    "precision": 0.7118122630035058,
    "recall": 0.8208745874587459,
    "roc_auc": 0.808735985715908,
    "cert_mean": 0.14019815470312677,
    "cert_std": 0.7583058176693086,
    "conf_mean": 0.730863451660905,
    "conf_std": 0.24601189141907062
  },
  "test": {
    "f1": 0.7613133940182054,
    "accuracy": 0.7425305091878244,
    "precision": 0.7095503575324204,
    "recall": 0.8212231729555337,
    "roc_auc": 0.8063317759303379,
    "cert_mean": 0.1448398654881608,
    "cert_std": 0.7582865549739589,
    "conf_mean": 0.7317164352140911,
    "conf_std": 0.24610596198890825
  }
}