{
  "val": {
    "f1": 0.7512172321115569,
    "accuracy": 0.7364990304880564,
    "precision": 0.7115029882682801,
    "recall": 0.7956270627062706,
    "roc_auc": 0.8189960388686777,
    "cert_mean": -0.006147290895597341,
    "cert_std": 0.368621711752183,
    "conf_mean": 0.3399553995717848,
    "conf_std": 0.14265371310433095
  },
  "test": {
    "f1": 0.7499257205110429,
    "accuracy": 0.7343596577360079,
    "precision": 0.7084138963388013,
    "recall": 0.796605414504138,
    "roc_auc": 0.8175711342903254,
    "cert_mean": -0.004216097393382965,
    "cert_std": 0.3683047642755072,
    "conf_mean": 0.33961578775677276,
    "conf_std": 0.14257381095984648
  }
}