{
  "val": {
    "f1": 0.7667441952142547,
    "accuracy": 0.755889269359297,
    "precision": 0.7341284819204348,
    "recall": 0.8023927392739274,
    "roc_auc": 0.8269991792066409,
    "cert_mean": -0.031113951800681272,
    "cert_std": 0.4277181233989781,
    "conf_mean": 0.39186808893190894,
    "conf_std": 0.1742132944337256
  },
  "test": {
    "f1": 0.766725734728677,
    "accuracy": 0.7553303408612708,
    "precision": 0.7326049453709028,
    "recall": 0.8041801094122598,
    "roc_auc": 0.8250181228283671,
    "cert_mean": -0.029015967333620808,
    "cert_std": 0.427313554913002,
    "conf_mean": 0.39131342380711864,
    "conf_std": 0.1741051547802168
  }
}