{
  "val": {
    "f1": 0.7633073518467746,
    "accuracy": 0.7506910351087092,
    "precision": 0.7265677428976214,
    "recall": 0.803960396039604,
    "roc_auc": 0.7982283635575373,
    "cert_mean": 0.07856593106408817,
    "cert_std": 0.7145903357313691,
    "conf_mean": 0.6747637010610276,
    "conf_std": 0.24800383298461762
  },
  "test": {
    "f1": 0.7613353263577479,
    "accuracy": 0.7480361902090055,
    "precision": 0.7231652678740456,
    "recall": 0.8037592930284753,
    "roc_auc": 0.7973858368556643,
    "cert_mean": 0.08368496028782066,
    "cert_std": 0.7151635160647121,
    "conf_mean": 0.6758265862698418,
    "conf_std": 0.248436013048165
  }
}