{
  "val": {
    "f1": 0.781361157220773,
    "accuracy": 0.77177276290276,
    "precision": 0.7498862084660901,
    "recall": 0.8155940594059405,
    "roc_auc": 0.8206091810394011,
    "cert_mean": 0.08944040149507139,
    "cert_std": 0.6747268652617746,
    "conf_mean": 0.6462531544885477,
    "conf_std": 0.21357150661823265
  },
  "test": {
    "f1": 0.7822415815044396,
    "accuracy": 0.7720928601486885,
    "precision": 0.7488933085263361,
    "recall": 0.8186982746528265,
    "roc_auc": 0.8172845912316914,
    "cert_mean": 0.09333112528675647,
    "cert_std": 0.6744315336456203,
    "conf_mean": 0.6462735591571255,
    "conf_std": 0.21424070401596698
  }
}