{
  "arch": "simple",
  "split": "test",
  "label": "clean",
  "weights_path": "/tudelft.net/staff-umbrella/StudentsCVlab/chiarapeppicel/projects/qml/outputs/simple_depth_type/l6_xxyy/best_weights.npy",
  "threshold": 0.0,
  "processed_csv": "/tudelft.net/staff-umbrella/StudentsCVlab/chiarapeppicel/projects/qml/src/data/processed/nf_unsw_balanced.csv",
  "test_size": 0.15,
  "val_size": 0.15,
  "random_state": 1,
  "n_bins": 100,
  "encoder_fit_scope": "all",
  "metrics": {
    "f1": 0.7537721770850605,
    "accuracy": 0.7396198625333146,
    "precision": 0.7149147637919104,
    "recall": 0.7970963669518867,
    "roc_auc": 0.8260951132980279,
    "cf_mean": 0.20433352747724545,
    "cf_std": 0.3135620015384134,
    "conf_mean": 0.34408241700162145,
    "conf_std": 0.14724336851074984
  },
  "certainty_stats": {
    "all_mean": 0.20433352747724545,
    "all_std": 0.3135620015384134,
    "all_conf_mean": 0.34408241700162145,
    "all_conf_std": 0.14724336851074984,
    "correct_mean": 0.3707417636138488,
    "correct_std": 0.14250876550314528,
    "incorrect_mean": -0.2683555106853271,
    "incorrect_std": 0.13350670619909022,
    "correct_conf_mean": 0.3707417636138488,
    "incorrect_conf_mean": 0.2683555106853271,
    "frac_above_zero": 0.7396198625333146,
    "frac_below_zero": 0.26038013746668537,
    "frac_abs_lt_0.1": 0.09191331182494038,
    "frac_abs_lt_0.2": 0.1667835601066068,
    "frac_abs_lt_0.5": 0.8320241268060037
  }
}