{
  "val": {
    "f1": 0.7536939989755309,
    "accuracy": 0.7421098230125005,
    "precision": 0.7213213666189003,
    "recall": 0.7891089108910891,
    "roc_auc": 0.7931120826828123,
    "cert_mean": -0.017831094781964547,
    "cert_std": 0.4769350221561273,
    "conf_mean": 0.4405784300876626,
    "conf_std": 0.1835091557434657
  },
  "test": {
    "f1": 0.7520117533139671,
    "accuracy": 0.7395497264693506,
    "precision": 0.7176725511439679,
    "recall": 0.7898022162996212,
    "roc_auc": 0.791172016719871,
    "cert_mean": -0.01523093607799167,
    "cert_std": 0.4768605172945063,
    "conf_mean": 0.44050670261548525,
    "conf_std": 0.1832533200764135
  }
}