{
  "val": {
    "f1": 0.7557320958036733,
    "accuracy": 0.7437600561079253,
    "precision": 0.7220260013526715,
    "recall": 0.7927392739273927,
    "roc_auc": 0.7697359953835139,
    "cert_mean": 0.001735370697254887,
    "cert_std": 0.3311075032938888,
    "conf_mean": 0.3075923777074992,
    "conf_std": 0.1225647560484524
  },
  "test": {
    "f1": 0.7543988269794721,
    "accuracy": 0.7415486042923272,
    "precision": 0.7186666666666667,
    "recall": 0.7938701080095385,
    "roc_auc": 0.7682778601568542,
    "cert_mean": 0.0036492781602127087,
    "cert_std": 0.3309690935451613,
    "conf_mean": 0.3075354597488629,
    "conf_std": 0.12237564753762019
  }
}