{
  "val": {
    "f1": 0.7558980811575967,
    "accuracy": 0.7438838235900821,
    "precision": 0.7220552884615384,
    "recall": 0.7930693069306931,
    "roc_auc": 0.7658491582510838,
    "cert_mean": 0.015052570102764668,
    "cert_std": 0.25333638419942717,
    "conf_mean": 0.23586381916986202,
    "conf_std": 0.09367049819737823
  },
  "test": {
    "f1": 0.7549205714856629,
    "accuracy": 0.7419343526441297,
    "precision": 0.718751981736318,
    "recall": 0.7949221489689998,
    "roc_auc": 0.7649299059448721,
    "cert_mean": 0.016636905085689373,
    "cert_std": 0.25339523647550377,
    "conf_mean": 0.23606431825477758,
    "conf_std": 0.09359257516605568
  }
}