{
  "val": {
    "f1": 0.7666749318125465,
    "accuracy": 0.7670695985807995,
    "precision": 0.7680079483358172,
    "recall": 0.7653465346534654,
    "roc_auc": 0.7810434247071874,
    "cert_mean": 0.006472064451319145,
    "cert_std": 0.773357502194562,
    "conf_mean": 0.7376182272134141,
    "conf_std": 0.23247164278985583
  },
  "test": {
    "f1": 0.7639795130849646,
    "accuracy": 0.7640622808248001,
    "precision": 0.7642476137001685,
    "recall": 0.7637116005049797,
    "roc_auc": 0.7791956984289738,
    "cert_mean": 0.010886818794651964,
    "cert_std": 0.7732793753602155,
    "conf_mean": 0.7373731030085539,
    "conf_std": 0.23315321602004413
  }
}